timeStamp,elapsed,label,responseCode,responseMessage,threadName,dataType,success,failureMessage,bytes,sentBytes,grpThreads,allThreads,URL,Latency,IdleTime,Connect
1687777684433,606,GoToBookStore1_Add_Book-1687777684432,200,OK,NavigateTOTheBookStore 2-1,text,true,,829,400,1,3,https://demoqa.com/BookStore/v1/Book?ISBN=9781449331818,606,0,405
1687777684545,607,Launch-1687777684544,200,OK,Login_demoqa 1-1,text,true,,1939,442,2,3,https://demoqa.com/,607,0,424
1687777685040,199,GoToBookStore1_Add_Book-1687777685039,200,OK,NavigateTOTheBookStore 2-1,text,true,,4762,363,1,3,https://demoqa.com/BookStore/v1/Books,199,0,0
1687777685239,210,GoToBookStore1_Add_Book-1687777685238,200,OK,NavigateTOTheBookStore 2-1,bin,true,,7545,407,1,3,https://demoqa.com/images/Toolsqa.jpg,210,0,0
1687777684981,501,Launch-1687777684980,200,OK,Login_demoqa 1-2,text,true,,1939,442,2,3,https://demoqa.com/,501,0,338
1687777685451,412,GoToBookStore1_Add_Book-1687777685450,200,OK,NavigateTOTheBookStore 2-1,text,true,,55071,390,1,3,https://demoqa.com/main.css,205,0,0
1687777685868,196,GoToBookStore1_Add_Book-1687777685867,200,OK,NavigateTOTheBookStore 2-1,bin,true,,4543,396,1,3,https://demoqa.com/images/gplaypattern.jpg,196,0,0
1687777686065,231,GoToBookStore1_Add_Book-1687777686065,200,OK,NavigateTOTheBookStore 2-1,text,true,,1939,508,1,3,https://demoqa.com/books?book=9781449331818,231,0,0
1687777686297,0,Debug Sampler,200,OK,NavigateTOTheBookStore 2-1,text,true,,303,0,1,3,null,0,0,0
1687777685205,1817,Launch_1687777685205,200,OK,Login_demoqa 1-1,text,true,,792953,353,2,2,https://demoqa.com/bundle.js,380,0,0
1687777685520,1590,Launch_1687777685520,200,OK,Login_demoqa 1-2,text,true,,792953,353,2,2,https://demoqa.com/bundle.js,382,0,0
1687777687170,205,Launch_1687777687170,200,OK,Login_demoqa 1-1,text,true,,55071,366,2,2,https://demoqa.com/main.css,198,0,0
1687777687226,170,Launch_1687777687226,200,OK,Login_demoqa 1-2,text,true,,55071,366,2,2,https://demoqa.com/main.css,167,0,0
1687777687448,186,Launch_1687777687448,200,OK,Login_demoqa 1-1,bin,true,,4543,396,2,2,https://demoqa.com/images/gplaypattern.jpg,186,0,0
1687777687487,163,Launch_1687777687487,200,OK,Login_demoqa 1-2,bin,true,,4543,396,2,2,https://demoqa.com/images/gplaypattern.jpg,163,0,0
1687777687749,160,Launch_1687777687749,200,OK,Login_demoqa 1-2,bin,true,,7545,383,2,2,https://demoqa.com/images/Toolsqa.jpg,160,0,0
1687777687756,181,Launch_1687777687756,200,OK,Login_demoqa 1-1,bin,true,,7545,383,2,2,https://demoqa.com/images/Toolsqa.jpg,181,0,0
1687777688018,675,Launch_1687777688018,200,OK,Login_demoqa 1-2,text,true,,477335,378,2,2,https://demoqa.com/images/WB.svg,183,0,0
1687777687972,832,Launch_1687777687972,200,OK,Login_demoqa 1-1,text,true,,477335,378,2,2,https://demoqa.com/images/WB.svg,188,0,0
1687777688794,176,Nevigate_TO_The_BookStoreApplication-1687777688794,200,OK,Login_demoqa 1-2,text,true,,4762,363,2,2,https://demoqa.com/BookStore/v1/Books,176,0,0
1687777688856,198,Nevigate_TO_The_BookStoreApplication-1687777688857,200,OK,Login_demoqa 1-1,text,true,,4762,363,2,2,https://demoqa.com/BookStore/v1/Books,198,0,0
1687777689023,166,Nevigate_TO_The_BookStoreApplication-1687777689023,200,OK,Login_demoqa 1-2,bin,true,,7314,391,2,2,https://demoqa.com/images/bookimage0.jpg,166,0,0
1687777689100,196,Nevigate_TO_The_BookStoreApplication-1687777689100,200,OK,Login_demoqa 1-1,bin,true,,7314,391,2,2,https://demoqa.com/images/bookimage0.jpg,196,0,0
1687777689231,159,Nevigate_TO_The_BookStoreApplication-1687777689231,200,OK,Login_demoqa 1-2,bin,true,,3857,391,2,2,https://demoqa.com/images/bookimage2.jpg,159,0,0
1687777689347,199,Nevigate_TO_The_BookStoreApplication-1687777689348,200,OK,Login_demoqa 1-1,bin,true,,3857,391,2,2,https://demoqa.com/images/bookimage2.jpg,199,0,0
1687777689461,168,Nevigate_TO_The_BookStoreApplication-1687777689461,200,OK,Login_demoqa 1-2,bin,true,,2843,391,2,2,https://demoqa.com/images/bookimage3.jpg,168,0,0
1687777689644,196,Nevigate_TO_The_BookStoreApplication-1687777689645,200,OK,Login_demoqa 1-1,bin,true,,2843,391,2,2,https://demoqa.com/images/bookimage3.jpg,196,0,0
1687777689729,163,Nevigate_TO_The_BookStoreApplication-1687777689729,200,OK,Login_demoqa 1-2,bin,true,,4531,391,2,2,https://demoqa.com/images/bookimage1.jpg,163,0,0
1687777689955,163,/login-1687777689955,200,OK,Login_demoqa 1-2,text,true,,1939,447,2,2,https://demoqa.com/login,163,0,0
1687777689954,180,Nevigate_TO_The_BookStoreApplication-1687777689954,200,OK,Login_demoqa 1-1,bin,true,,4531,391,2,2,https://demoqa.com/images/bookimage1.jpg,180,0,0
1687777690224,163,/login-1687777690224,200,OK,Login_demoqa 1-2,text,true,,1939,447,2,2,https://demoqa.com/login,163,0,0
1687777690183,208,/login-1687777690183,200,OK,Login_demoqa 1-1,text,true,,1939,447,2,2,https://demoqa.com/login,208,0,0
1687777690437,172,/login-1687777690437,200,OK,Login_demoqa 1-2,text,true,,1939,447,2,2,https://demoqa.com/login,172,0,0
1687777690475,179,/login-1687777690475,200,OK,Login_demoqa 1-1,text,true,,1939,447,2,2,https://demoqa.com/login,179,0,0
1687777690679,222,Login/Account/v1/Login-1687777690679,200,OK,Login_demoqa 1-2,text,true,,622,505,2,2,https://demoqa.com/Account/v1/Login,222,0,0
1687777690733,185,/login-1687777690733,200,OK,Login_demoqa 1-1,text,true,,1939,447,2,2,https://demoqa.com/login,185,0,0
1687777691037,218,Login/Account/v1/Login-1687777691037,200,OK,Login_demoqa 1-1,text,true,,622,505,2,2,https://demoqa.com/Account/v1/Login,218,0,0
1687777693950,354,Login/Account/v1/GenerateToken-1687777693951,200,OK,Login_demoqa 1-2,text,true,,526,513,2,2,https://demoqa.com/Account/v1/GenerateToken,354,0,0
1687777694371,145,printuserDetaileyJhbGciOiJIUzI1NiIsInR5cCI6IkpXVCJ9.eyJ1c2VyTmFtZSI6IlJhbWRldkA3ODgwIiwicGFzc3dvcmQiOiJEZWVwYWtAMjEyIiwiaWF0IjoxNjg3Nzc3Njk0fQ.GTdAdLvQ3L4FiA95eAERID9-zkZDe_UIRETtenGunRU,200,OK,Login_demoqa 1-2,text,true,,171,0,2,2,null,9,0,5
1687777694567,87,printuserDetail2023-07-03T11:08:14.028Z,200,OK,Login_demoqa 1-2,text,true,,24,0,2,2,null,2,0,5
1687777694322,375,Login/Account/v1/GenerateToken-1687777694322,200,OK,Login_demoqa 1-1,text,true,,526,513,2,2,https://demoqa.com/Account/v1/GenerateToken,375,0,0
1687777694712,120,printuserDetailSuccess,200,OK,Login_demoqa 1-2,text,true,,7,0,2,2,null,16,0,2
1687777694748,280,printuserDetaileyJhbGciOiJIUzI1NiIsInR5cCI6IkpXVCJ9.eyJ1c2VyTmFtZSI6IkRlZXBha0AyMTIiLCJwYXNzd29yZCI6IkRlZXBha0A3ODgwIiwiaWF0IjoxNjg3Nzc3Njk0fQ.mYPAIPEROEaj4vQYEycMwMH1VPcQhVpDKJmrLMSf46A,200,OK,Login_demoqa 1-1,text,true,,171,0,2,2,null,28,0,1
1687777694898,282,printuserDetailUser authorized successfully.,200,OK,Login_demoqa 1-2,text,true,,29,0,2,2,null,22,0,3
1687777695255,0,Debug Sampler,200,OK,Login_demoqa 1-2,text,true,,863,0,2,2,null,0,0,0
1687777695066,465,printuserDetail2023-07-03T11:08:14.415Z,200,OK,Login_demoqa 1-1,text,true,,24,0,1,1,null,31,0,2
1687777695591,58,printuserDetailSuccess,200,OK,Login_demoqa 1-1,text,true,,7,0,1,1,null,21,0,4
1687777695749,108,printuserDetailUser authorized successfully.,200,OK,Login_demoqa 1-1,text,true,,29,0,1,1,null,24,0,1
1687777695983,0,Debug Sampler,200,OK,Login_demoqa 1-1,text,true,,863,0,1,1,null,0,0,0
1687778033328,807,Launch-1687778033326,200,OK,Login_demoqa 1-1,text,true,,1939,442,2,3,https://demoqa.com/,806,0,626
1687778033271,857,GoToBookStore1_Add_Book-1687778033223,200,OK,NavigateTOTheBookStore 2-1,text,true,,829,400,1,3,https://demoqa.com/BookStore/v1/Book?ISBN=9781449331818,856,0,682
1687778034191,187,GoToBookStore1_Add_Book-1687778034190,200,OK,NavigateTOTheBookStore 2-1,text,true,,4762,363,1,3,https://demoqa.com/BookStore/v1/Books,187,0,0
1687778034385,167,GoToBookStore1_Add_Book-1687778034385,200,OK,NavigateTOTheBookStore 2-1,bin,true,,7545,407,1,3,https://demoqa.com/images/Toolsqa.jpg,167,0,0
1687778033734,908,Launch-1687778033733,200,OK,Login_demoqa 1-2,text,true,,1939,442,2,3,https://demoqa.com/,908,0,739
1687778034567,341,GoToBookStore1_Add_Book-1687778034566,200,OK,NavigateTOTheBookStore 2-1,text,true,,55071,390,1,3,https://demoqa.com/main.css,171,0,0
1687778034934,171,GoToBookStore1_Add_Book-1687778034933,200,OK,NavigateTOTheBookStore 2-1,bin,true,,4543,396,1,3,https://demoqa.com/images/gplaypattern.jpg,171,0,0
1687778035119,173,GoToBookStore1_Add_Book-1687778035118,200,OK,NavigateTOTheBookStore 2-1,text,true,,1939,508,1,3,https://demoqa.com/books?book=9781449331818,173,0,0
1687778035299,2,Debug Sampler,200,OK,NavigateTOTheBookStore 2-1,text,true,,303,0,1,3,null,0,0,0
1687778034224,1400,Launch_1687778034224,200,OK,Login_demoqa 1-1,text,true,,792953,353,2,2,https://demoqa.com/bundle.js,322,0,0
1687778035770,376,Launch_1687778035770,200,OK,Login_demoqa 1-1,text,true,,55071,366,2,2,https://demoqa.com/main.css,161,0,0
1687778036230,157,Launch_1687778036230,200,OK,Login_demoqa 1-1,bin,true,,4543,396,2,2,https://demoqa.com/images/gplaypattern.jpg,157,0,0
1687778036496,156,Launch_1687778036495,200,OK,Login_demoqa 1-1,bin,true,,7545,383,2,2,https://demoqa.com/images/Toolsqa.jpg,156,0,0
1687778036724,1036,Launch_1687778036724,200,OK,Login_demoqa 1-1,text,true,,477335,378,2,2,https://demoqa.com/images/WB.svg,343,0,0
1687778037857,155,Nevigate_TO_The_BookStoreApplication-1687778037857,200,OK,Login_demoqa 1-1,text,true,,4762,363,2,2,https://demoqa.com/BookStore/v1/Books,155,0,0
1687778038075,164,Nevigate_TO_The_BookStoreApplication-1687778038075,200,OK,Login_demoqa 1-1,bin,true,,7314,391,2,2,https://demoqa.com/images/bookimage0.jpg,164,0,0
1687778038353,157,Nevigate_TO_The_BookStoreApplication-1687778038352,200,OK,Login_demoqa 1-1,bin,true,,3857,391,2,2,https://demoqa.com/images/bookimage2.jpg,157,0,0
1687778038623,155,Nevigate_TO_The_BookStoreApplication-1687778038623,200,OK,Login_demoqa 1-1,bin,true,,2843,391,2,2,https://demoqa.com/images/bookimage3.jpg,155,0,0
1687778038826,172,Nevigate_TO_The_BookStoreApplication-1687778038826,200,OK,Login_demoqa 1-1,bin,true,,4531,391,2,2,https://demoqa.com/images/bookimage1.jpg,171,0,0
1687778039063,160,/login-1687778039062,200,OK,Login_demoqa 1-1,text,true,,1939,447,2,2,https://demoqa.com/login,159,0,0
1687778039301,153,/login-1687778039300,200,OK,Login_demoqa 1-1,text,true,,1939,447,2,2,https://demoqa.com/login,153,0,0
1687778039584,161,/login-1687778039584,200,OK,Login_demoqa 1-1,text,true,,1939,447,2,2,https://demoqa.com/login,161,0,0
1687778039876,344,Login/Account/v1/Login-1687778039875,200,OK,Login_demoqa 1-1,text,true,,622,505,2,2,https://demoqa.com/Account/v1/Login,344,0,0
1687778034759,6850,Launch_1687778034759,200,OK,Login_demoqa 1-2,text,true,,792953,353,2,2,https://demoqa.com/bundle.js,346,0,0
1687778041780,337,Launch_1687778041780,200,OK,Login_demoqa 1-2,text,true,,55071,366,2,2,https://demoqa.com/main.css,167,0,0
1687778042179,166,Launch_1687778042179,200,OK,Login_demoqa 1-2,bin,true,,4543,396,2,2,https://demoqa.com/images/gplaypattern.jpg,165,0,0
1687778042438,166,Launch_1687778042437,200,OK,Login_demoqa 1-2,bin,true,,7545,383,2,2,https://demoqa.com/images/Toolsqa.jpg,166,0,0
1687778043330,1392,Login/Account/v1/GenerateToken-1687778043329,200,OK,Login_demoqa 1-1,text,false,"The operation lasted too long: It took 1,392 milliseconds, but should not have lasted longer than 500 milliseconds.",526,513,2,2,https://demoqa.com/Account/v1/GenerateToken,1392,0,0
1687778042716,2435,Launch_1687778042716,200,OK,Login_demoqa 1-2,text,true,,477335,378,2,2,https://demoqa.com/images/WB.svg,190,0,0
1687778044828,392,printuserDetaileyJhbGciOiJIUzI1NiIsInR5cCI6IkpXVCJ9.eyJ1c2VyTmFtZSI6IkRlZXBha0AyMTIiLCJwYXNzd29yZCI6IkRlZXBha0A3ODgwIiwiaWF0IjoxNjg3Nzc4MDQzfQ.OHqWx4e7e9aGXE3AaChW97KGeFKDumDKfWSPRTKPeF0,200,OK,Login_demoqa 1-1,text,true,,171,0,2,2,null,23,0,3
1687778045265,184,Nevigate_TO_The_BookStoreApplication-1687778045265,200,OK,Login_demoqa 1-2,text,true,,4762,363,2,2,https://demoqa.com/BookStore/v1/Books,184,0,0
1687778045547,172,Nevigate_TO_The_BookStoreApplication-1687778045547,200,OK,Login_demoqa 1-2,bin,true,,7314,391,2,2,https://demoqa.com/images/bookimage0.jpg,172,0,0
1687778045338,443,printuserDetail2023-07-03T11:14:03.411Z,200,OK,Login_demoqa 1-1,text,true,,24,0,2,2,null,43,0,1
1687778045753,248,Nevigate_TO_The_BookStoreApplication-1687778045753,200,OK,Login_demoqa 1-2,bin,true,,3857,391,2,2,https://demoqa.com/images/bookimage2.jpg,247,0,0
1687778045850,461,printuserDetailSuccess,200,OK,Login_demoqa 1-1,text,true,,7,0,2,2,null,40,0,3
1687778046105,210,Nevigate_TO_The_BookStoreApplication-1687778046104,200,OK,Login_demoqa 1-2,bin,true,,2843,391,2,2,https://demoqa.com/images/bookimage3.jpg,210,0,0
1687778046363,180,Nevigate_TO_The_BookStoreApplication-1687778046363,200,OK,Login_demoqa 1-2,bin,true,,4531,391,2,2,https://demoqa.com/images/bookimage1.jpg,179,0,0
1687778046395,314,printuserDetailUser authorized successfully.,200,OK,Login_demoqa 1-1,text,true,,29,0,2,2,null,4,0,3
1687778046600,164,/login-1687778046599,200,OK,Login_demoqa 1-2,text,true,,1939,447,2,2,https://demoqa.com/login,164,0,0
1687778046782,0,Debug Sampler,200,OK,Login_demoqa 1-1,text,true,,863,0,2,2,null,0,0,0
1687778046809,217,/login-1687778046809,200,OK,Login_demoqa 1-2,text,true,,1939,447,1,1,https://demoqa.com/login,217,0,0
1687778047099,170,/login-1687778047099,200,OK,Login_demoqa 1-2,text,true,,1939,447,1,1,https://demoqa.com/login,170,0,0
1687778047351,352,Login/Account/v1/Login-1687778047351,200,OK,Login_demoqa 1-2,text,true,,622,505,1,1,https://demoqa.com/Account/v1/Login,352,0,0
1687778050800,1214,Login/Account/v1/GenerateToken-1687778050799,200,OK,Login_demoqa 1-2,text,false,"The operation lasted too long: It took 1,214 milliseconds, but should not have lasted longer than 500 milliseconds.",526,513,1,1,https://demoqa.com/Account/v1/GenerateToken,1214,0,0
1687778052051,490,printuserDetaileyJhbGciOiJIUzI1NiIsInR5cCI6IkpXVCJ9.eyJ1c2VyTmFtZSI6IlJhbWRldkA3ODgwIiwicGFzc3dvcmQiOiJEZWVwYWtAMjEyIiwiaWF0IjoxNjg3Nzc4MDUwfQ.vzK2UK8eiUdxCm7bkNjyuid7xKpX3TU0KktI3wVlsBA,200,OK,Login_demoqa 1-2,text,true,,171,0,1,1,null,33,0,1
1687778052671,72,printuserDetail2023-07-03T11:14:10.906Z,200,OK,Login_demoqa 1-2,text,true,,24,0,1,1,null,39,0,3
1687778052791,343,printuserDetailSuccess,200,OK,Login_demoqa 1-2,text,true,,7,0,1,1,null,48,0,4
1687778053223,342,printuserDetailUser authorized successfully.,200,OK,Login_demoqa 1-2,text,true,,29,0,1,1,null,46,0,4
1687778053670,0,Debug Sampler,200,OK,Login_demoqa 1-2,text,true,,863,0,1,1,null,0,0,0
